"klaster","position_group","silueta"
"C2","AM_W",0.2303
"C3","AM_W",0.2009
"C3","AM_W",0.1842
"C3","AM_W",0.0082
"C2","AM_W",0.0937
"C2","AM_W",0.057
"C3","AM_W",0.1632
"C3","AM_W",0.2854
"C3","AM_W",0.2427
"C3","AM_W",0.0224
"C3","AM_W",0.285
"C3","AM_W",0.2347
"C3","AM_W",0.2997
"C3","AM_W",0.3107
"C3","AM_W",0.2693
"C2","AM_W",0.0729
"C3","AM_W",0.2521
"C3","AM_W",0.2684
"C3","AM_W",0.355
"C3","AM_W",0.3036
"C3","AM_W",0.2598
"C3","AM_W",0.2909
"C3","AM_W",0.3147
"C3","AM_W",0.3488
"C3","AM_W",0.2654
"C3","AM_W",0.0655
"C3","AM_W",0.0536
"C3","AM_W",0.3123
"C3","AM_W",0.2544
"C3","AM_W",0.1643
"C3","AM_W",0.3275
"C3","AM_W",0.216
"C3","AM_W",0.2948
"C3","AM_W",0.2053
"C3","AM_W",0.369
"C2","AM_W",0.1014
"C3","AM_W",0.3619
"C3","AM_W",0.239
"C3","AM_W",0.1079
"C2","AM_W",0.0515
"C3","AM_W",0.1282
"C3","AM_W",0.141
"C3","AM_W",0.0387
"C3","AM_W",0.2702
"C3","AM_W",0.3748
"C3","AM_W",0.3263
"C3","AM_W",0.3028
"C3","AM_W",0.2653
"C2","AM_W",0.0796
"C3","AM_W",0.1892
"C3","AM_W",0.2354
"C3","AM_W",0.2679
"C3","AM_W",-0.0078
"C3","AM_W",0.2619
"C3","AM_W",0.2792
"C3","AM_W",0.2361
"C3","AM_W",0.346
"C2","AM_W",0.0477
"C3","AM_W",0.1914
"C3","AM_W",0.2831
"C3","AM_W",0.2538
"C3","AM_W",0.3196
"C3","AM_W",0.3111
"C3","AM_W",0.2791
"C3","AM_W",0.2936
"C3","AM_W",0.1835
"C3","AM_W",0.1187
"C3","AM_W",0.2368
"C3","AM_W",0.3696
"C3","AM_W",0.0955
"C3","AM_W",0.2397
"C3","AM_W",0.1051
"C3","AM_W",0.2925
"C2","AM_W",0.0424
"C3","AM_W",0.2103
"C3","AM_W",0.2901
"C3","AM_W",0.2167
"C3","AM_W",0.1722
"C2","AM_W",0.0739
"C3","AM_W",0.1433
"C3","AM_W",0.3185
"C3","AM_W",0.2103
"C3","AM_W",0.0972
"C3","AM_W",0.3123
"C3","AM_W",0.2877
"C3","AM_W",0.0602
"C3","AM_W",0.3165
"C3","AM_W",0.0246
"C3","AM_W",0.3218
"C3","AM_W",0.2534
"C3","AM_W",0.2854
"C3","AM_W",0.1533
"C3","AM_W",0.0619
"C3","AM_W",0.3707
"C3","AM_W",0.196
"C3","AM_W",0.1604
"C3","AM_W",0.0597
"C3","AM_W",0.2025
"C3","AM_W",0.1
"C3","AM_W",0.1681
"C2","AM_W",0.0881
"C3","AM_W",0.3371
"C3","AM_W",0.3456
"C2","AM_W",0.0809
"C3","AM_W",0.2299
"C3","AM_W",0.309
"C3","AM_W",0.1642
"C3","AM_W",0.0537
"C3","AM_W",0.2011
"C3","AM_W",0.0665
"C3","AM_W",0.3204
"C3","AM_W",0.2343
"C3","AM_W",0.1931
"C3","AM_W",0.3802
"C3","AM_W",0.2735
"C3","AM_W",0.266
"C3","AM_W",0.0749
"C3","AM_W",0.2776
"C3","AM_W",0.1108
"C3","AM_W",0.271
"C3","AM_W",0.284
"C3","AM_W",0.2731
"C3","AM_W",0.1697
"C3","AM_W",0.3007
"C3","AM_W",0.2412
"C3","AM_W",0.1268
"C3","AM_W",0.1875
"C3","AM_W",0.1546
"C3","AM_W",0.1341
"C3","AM_W",0.2245
"C3","AM_W",0.1932
"C2","AM_W",0.0603
"C3","AM_W",0.2988
"C3","AM_W",0.2363
"C3","AM_W",0.0581
"C2","AM_W",0.0466
"C3","AM_W",0.3628
"C3","AM_W",0.2041
"C3","AM_W",0.2112
"C3","AM_W",0.0468
"C2","AM_W",0.0436
"C3","AM_W",0.296
"C3","AM_W",0.0554
"C3","AM_W",0.2026
"C3","AM_W",0.3344
"C3","AM_W",0.2059
"C3","AM_W",0.2374
"C3","AM_W",0.3435
"C3","AM_W",0.0635
"C3","AM_W",0.2794
"C2","AM_W",0.0357
"C3","AM_W",0.2211
"C3","AM_W",0.327
"C3","AM_W",0.0564
"C3","AM_W",0.1721
"C3","AM_W",0.3343
"C3","AM_W",0.2058
"C3","AM_W",0.0872
"C3","AM_W",0.329
"C3","AM_W",0.1099
"C2","AM_W",0.0989
"C3","AM_W",0.2972
"C3","AM_W",0.1876
"C3","AM_W",0.2624
"C3","AM_W",0.0969
"C3","AM_W",0.3259
"C3","AM_W",0.208
"C3","AM_W",0.2123
"C3","AM_W",0.2029
"C3","AM_W",0.2447
"C3","AM_W",0.0028
"C3","AM_W",0.3178
"C3","AM_W",0.3107
"C3","AM_W",0.1248
"C3","AM_W",0.2231
"C3","AM_W",0.2519
"C3","AM_W",0.3593
"C3","AM_W",0.0563
"C3","AM_W",0.348
"C3","AM_W",0.1811
"C3","AM_W",0.3118
"C3","AM_W",0.2077
"C3","AM_W",0.0546
"C3","AM_W",0.2479
"C3","AM_W",0.304
"C3","AM_W",0.2173
"C3","AM_W",0.2186
"C3","AM_W",0.2979
"C3","AM_W",0.3085
"C3","AM_W",0.2367
"C3","AM_W",0.0844
"C3","AM_W",0.1833
"C3","AM_W",0.2497
"C3","AM_W",0.2951
"C3","AM_W",0.1566
"C2","AM_W",0.1867
"C3","AM_W",0.2937
"C3","AM_W",0.0036
"C3","AM_W",0.2931
"C3","AM_W",0.2616
"C3","AM_W",0.3241
"C3","AM_W",0.1736
"C3","AM_W",0.3346
"C3","AM_W",0.3824
"C3","AM_W",0.3619
"C3","AM_W",0.2921
"C3","AM_W",0.1306
"C3","AM_W",0.2975
"C3","AM_W",0.1571
"C3","AM_W",0.1728
"C3","AM_W",0.3018
"C3","AM_W",0.3332
"C3","AM_W",0.1598
"C3","AM_W",0.1834
"C3","AM_W",0.1019
"C3","AM_W",0.2228
"C3","AM_W",0.2429
"C3","AM_W",0.1819
"C3","AM_W",0.3255
"C3","AM_W",0.235
"C3","AM_W",0.1359
"C3","AM_W",0.2831
"C3","AM_W",0.3269
"C2","AM_W",0.0492
"C3","AM_W",0.2336
"C3","AM_W",0.2637
"C3","AM_W",0.3507
"C3","AM_W",0.2021
"C3","AM_W",0.238
"C3","AM_W",0.1412
"C3","AM_W",0.3123
"C3","AM_W",0.2718
"C3","AM_W",0.0901
"C3","AM_W",0.2755
"C3","AM_W",0.381
"C3","AM_W",0.2183
"C3","AM_W",0.2399
"C3","AM_W",0.2057
"C3","AM_W",0.3345
"C3","AM_W",0.1948
"C3","AM_W",0.3466
"C3","AM_W",0.3884
"C3","AM_W",0.0542
"C3","AM_W",0.0782
"C3","AM_W",0.2908
"C3","AM_W",0.2041
"C2","AM_W",0.0978
"C3","AM_W",0.1731
"C3","AM_W",0.2667
"C3","AM_W",0.3606
"C3","AM_W",0.1856
"C3","AM_W",0.1285
"C3","AM_W",0.2605
"C3","AM_W",0.1092
"C3","AM_W",0.3196
"C3","AM_W",0.2614
"C3","AM_W",0.2578
"C3","AM_W",0.2215
"C3","AM_W",0.2307
"C3","AM_W",0.2074
"C3","AM_W",0.092
"C3","AM_W",0.2516
"C3","AM_W",0.3219
"C3","AM_W",0.2185
"C3","AM_W",0.2289
"C3","AM_W",0.0286
"C3","AM_W",0.2414
"C3","AM_W",0.2818
"C3","AM_W",0.28
"C3","AM_W",0.0911
"C3","AM_W",0.1777
"C3","AM_W",0.3411
"C3","AM_W",0.2268
"C3","AM_W",0.2145
"C3","AM_W",0.2606
"C3","AM_W",0.2978
"C3","AM_W",0.0509
"C3","AM_W",0.3189
"C3","AM_W",0.2577
"C3","AM_W",0.0878
"C3","AM_W",0.2866
"C3","AM_W",0.2985
"C3","AM_W",0.1086
"C3","AM_W",0.0929
"C3","AM_W",0.2013
"C3","AM_W",0.091
"C3","AM_W",0.3516
"C3","AM_W",0.1654
"C2","DM_CM",0.1457
"C2","DM_CM",0.0799
"C2","DM_CM",0.3531
"C2","DM_CM",0.1105
"C2","DM_CM",0.3432
"C2","DM_CM",0.1991
"C2","DM_CM",0.3627
"C3","DM_CM",-0.0237
"C2","DM_CM",0.2798
"C2","DM_CM",0.0446
"C2","DM_CM",0.1136
"C2","DM_CM",0.0893
"C2","DM_CM",0.2331
"C3","DM_CM",0.1326
"C3","DM_CM",0.0277
"C2","DM_CM",0.1787
"C2","DM_CM",0.0709
"C2","DM_CM",0.3843
"C2","DM_CM",0.1191
"C2","DM_CM",0.1839
"C2","DM_CM",0.36
"C3","DM_CM",0.0539
"C2","DM_CM",0.2779
"C2","DM_CM",0.1419
"C2","DM_CM",0.3131
"C2","DM_CM",0.2063
"C2","DM_CM",0.2511
"C2","DM_CM",0.2932
"C2","DM_CM",0.196
"C2","DM_CM",0.3381
"C2","DM_CM",0.3108
"C2","DM_CM",0.3485
"C3","DM_CM",0.1683
"C2","DM_CM",0.1036
"C2","DM_CM",0.3698
"C2","DM_CM",0.3066
"C2","DM_CM",0.3269
"C2","DM_CM",0.1245
"C2","DM_CM",0.3619
"C2","DM_CM",0.3326
"C2","DM_CM",0.3567
"C2","DM_CM",0.2222
"C2","DM_CM",0.171
"C2","DM_CM",0.1821
"C3","DM_CM",-0.0033
"C3","DM_CM",0.0548
"C2","DM_CM",0.3057
"C2","DM_CM",0.3417
"C2","DM_CM",0.1962
"C2","DM_CM",0.282
"C2","DM_CM",0.3569
"C2","DM_CM",0.1524
"C3","DM_CM",0.1169
"C3","DM_CM",0.0648
"C2","DM_CM",0.2016
"C2","DM_CM",0.349
"C3","DM_CM",0.0689
"C2","DM_CM",0.3433
"C2","DM_CM",0.0988
"C2","DM_CM",0.3297
"C2","DM_CM",0.3896
"C2","DM_CM",0.1433
"C2","DM_CM",0.4311
"C2","DM_CM",0.3115
"C2","DM_CM",0.093
"C3","DM_CM",0.0397
"C2","DM_CM",0.0461
"C2","DM_CM",0.2664
"C2","DM_CM",0.3828
"C2","DM_CM",0.1999
"C2","DM_CM",0.1367
"C2","DM_CM",0.173
"C2","DM_CM",0.1895
"C2","DM_CM",0.0566
"C3","DM_CM",0.07
"C2","DM_CM",0.1501
"C2","DM_CM",0.3593
"C2","DM_CM",0.4145
"C2","DM_CM",0.1011
"C2","DM_CM",0.2083
"C2","DM_CM",0.3032
"C2","DM_CM",0.2047
"C2","DM_CM",0.367
"C2","DM_CM",0.0883
"C3","DM_CM",-0.0113
"C2","DM_CM",0.3571
"C2","DM_CM",0.3719
"C2","DM_CM",0.2492
"C2","DM_CM",0.1598
"C3","DM_CM",0.0366
"C3","DM_CM",0.1456
"C3","DM_CM",0.0391
"C2","DM_CM",0.1506
"C2","DM_CM",0.1928
"C2","DM_CM",0.2395
"C2","DM_CM",0.1603
"C2","DM_CM",0.1064
"C2","DM_CM",0.2469
"C2","DM_CM",0.2179
"C2","DM_CM",0.3324
"C2","DM_CM",0.297
"C3","DM_CM",0.1306
"C2","DM_CM",0.1213
"C2","DM_CM",0.0967
"C2","DM_CM",0.196
"C2","DM_CM",0.2361
"C2","DM_CM",0.1748
"C2","DM_CM",0.1819
"C2","DM_CM",0.1328
"C2","DM_CM",0.4017
"C2","DM_CM",0.323
"C2","DM_CM",0.3882
"C2","DM_CM",0.3147
"C2","DM_CM",0.026
"C2","DM_CM",0.1902
"C2","DM_CM",0.2039
"C2","DM_CM",0.2199
"C2","DM_CM",0.2845
"C2","DM_CM",0.3876
"C2","DM_CM",0.2776
"C2","DM_CM",0.2442
"C2","DM_CM",0.142
"C2","DM_CM",0.0897
"C2","DM_CM",0.159
"C2","DM_CM",0.126
"C2","DM_CM",0.1298
"C2","DM_CM",0.0983
"C2","DM_CM",0.3132
"C2","DM_CM",0.3622
"C2","DM_CM",0.3011
"C3","DM_CM",-0.0213
"C2","DM_CM",0.2542
"C2","DM_CM",0.3785
"C2","DM_CM",0.3015
"C2","DM_CM",0.1058
"C2","DM_CM",0.1922
"C3","DM_CM",0.059
"C2","DM_CM",0.1214
"C2","DM_CM",0.1669
"C2","DM_CM",0.3486
"C2","DM_CM",0.1071
"C3","DM_CM",0.1645
"C2","DM_CM",0.0986
"C2","DM_CM",0.213
"C2","DM_CM",0.2516
"C2","DM_CM",0.0624
"C2","DM_CM",0.3144
"C2","DM_CM",0.2762
"C2","DM_CM",0.205
"C2","DM_CM",0.1405
"C2","DM_CM",0.3533
"C2","DM_CM",0.145
"C2","DM_CM",0.3176
"C2","DM_CM",0.3201
"C2","DM_CM",0.156
"C2","DM_CM",0.1131
"C2","DM_CM",0.3645
"C2","DM_CM",0.118
"C2","DM_CM",0.2329
"C3","DM_CM",0.0497
"C2","DM_CM",0.2021
"C2","DM_CM",0.0833
"C3","DM_CM",0.0263
"C2","DM_CM",0.0292
"C2","DM_CM",0.2292
"C2","DM_CM",0.2754
"C2","DM_CM",0.2328
"C2","DM_CM",0.3335
"C2","DM_CM",0.0896
"C2","DM_CM",0.2741
"C3","DM_CM",-0.0031
"C2","DM_CM",0.0873
"C2","DM_CM",0.3538
"C2","DM_CM",0.263
"C2","DM_CM",0.2006
"C2","DM_CM",0.2218
"C2","DM_CM",0.3026
"C2","DM_CM",0.4053
"C2","DM_CM",0.2302
"C2","DM_CM",0.3396
"C2","DM_CM",0.3077
"C2","DM_CM",0.089
"C2","DM_CM",0.1426
"C2","DM_CM",0.3139
"C2","DM_CM",0.2426
"C2","DM_CM",0.177
"C2","DM_CM",0.0491
"C2","DM_CM",0.284
"C2","DM_CM",0.0624
"C2","DM_CM",0.4159
"C2","DM_CM",0.3666
"C2","DM_CM",0.3517
"C2","DM_CM",0.3022
"C2","DM_CM",0.2756
"C2","DM_CM",0.3482
"C2","DM_CM",0.2965
"C2","DM_CM",0.2846
"C2","DM_CM",0.3224
"C2","DM_CM",0.1407
"C3","DM_CM",-0.0237
"C2","DM_CM",0.3294
"C2","DM_CM",0.0826
"C2","DM_CM",0.0437
"C2","DM_CM",0.3291
"C2","DM_CM",0.3413
"C2","DM_CM",0.2642
"C2","DM_CM",0.3532
"C2","DM_CM",0.3311
"C2","DM_CM",0.2589
"C2","DM_CM",0.2578
"C2","DM_CM",0.1541
"C3","DM_CM",0.1317
"C2","DM_CM",0.3173
"C2","DM_CM",0.3235
"C2","DM_CM",0.1637
"C3","DM_CM",0.0539
"C2","DM_CM",0.0449
"C3","DM_CM",0.2188
"C3","DM_CM",0.0234
"C2","DM_CM",0.3075
"C3","DM_CM",-0.0083
"C2","DM_CM",0.2872
"C2","DM_CM",0.3256
"C2","DM_CM",0.2177
"C2","DM_CM",0.3529
"C3","DM_CM",0.0815
"C2","DM_CM",0.2675
"C2","DM_CM",0.0695
"C2","DM_CM",0.2611
"C2","DM_CM",0.1434
"C2","DM_CM",0.3344
"C2","DM_CM",0.1514
"C3","DM_CM",0.0804
"C3","DM_CM",0.0803
"C2","DM_CM",0.1797
"C2","DM_CM",0.1061
"C2","DM_CM",0.3438
"C3","DM_CM",0.0996
"C2","DM_CM",0.121
"C2","DM_CM",0.2
"C2","DM_CM",0.2118
"C2","DM_CM",0.1997
"C2","DM_CM",0.0359
"C3","DM_CM",0.0895
"C2","DM_CM",0.3191
"C3","DM_CM",0.0661
"C2","DM_CM",0.4148
"C2","DM_CM",0.1039
"C2","DM_CM",0.1956
"C3","DM_CM",0
"C2","DM_CM",0.0464
"C2","DM_CM",0.3709
"C2","DM_CM",0.034
"C2","DM_CM",0.0837
"C2","DM_CM",0.1515
"C2","DM_CM",0.1855
"C2","DM_CM",0.163
"C2","DM_CM",0.251
"C2","DM_CM",0.2314
"C2","DM_CM",0.2978
"C2","DM_CM",0.3063
"C3","DM_CM",0.0854
"C3","DM_CM",0.0674
"C2","DM_CM",0.3437
"C2","DM_CM",0.1674
"C2","DM_CM",0.0889
"C2","DM_CM",0.1933
"C2","DM_CM",0.2816
"C2","DM_CM",0.309
"C3","DM_CM",0.0649
"C2","DM_CM",0.2797
"C3","DM_CM",0.1131
"C2","DM_CM",0.2505
"C2","DM_CM",0.2938
"C2","DM_CM",0.2907
"C2","DM_CM",0.2928
"C2","DM_CM",0.2305
"C2","DM_CM",0.3046
"C2","DM_CM",0.1566
"C2","DM_CM",0.1053
"C2","DM_CM",0.2723
"C2","DM_CM",0.0509
"C2","DM_CM",0.3535
"C2","DM_CM",0.303
"C2","DM_CM",0.2001
"C2","DM_CM",0.281
"C2","DM_CM",0.1956
"C2","DM_CM",0.301
"C2","DM_CM",0.3322
"C2","DM_CM",0.2942
"C2","DM_CM",0.0281
"C2","DM_CM",0.4073
"C2","DM_CM",0.3004
"C2","DM_CM",0.282
"C2","FB",0.2857
"C2","FB",0.3191
"C2","FB",0.2636
"C2","FB",0.3056
"C2","FB",0.2592
"C2","FB",0.3152
"C2","FB",0.2807
"C2","FB",0.367
"C2","FB",0.3583
"C2","FB",0.2585
"C2","FB",0.3076
"C2","FB",0.3432
"C2","FB",0.291
"C2","FB",0.1653
"C2","FB",0.3205
"C2","FB",0.3061
"C2","FB",0.3277
"C2","FB",0.3101
"C2","FB",0.2155
"C3","FB",0.0463
"C2","FB",0.2726
"C2","FB",0.3277
"C2","FB",0.3186
"C2","FB",0.248
"C2","FB",0.2509
"C2","FB",0.3303
"C2","FB",0.1964
"C2","FB",0.1674
"C2","FB",0.2827
"C2","FB",0.1924
"C2","FB",0.1093
"C2","FB",0.3311
"C2","FB",0.3447
"C2","FB",0.3287
"C2","FB",0.3307
"C2","FB",0.3498
"C2","FB",0.3626
"C2","FB",0.2264
"C2","FB",0.2645
"C2","FB",0.2934
"C2","FB",0.3099
"C3","FB",0.0132
"C2","FB",0.2984
"C2","FB",0.3971
"C2","FB",0.2008
"C2","FB",0.2393
"C2","FB",0.2993
"C2","FB",0.29
"C2","FB",0.2555
"C2","FB",0.2366
"C2","FB",0.3666
"C2","FB",0.2293
"C2","FB",0.3856
"C2","FB",0.1704
"C2","FB",0.3742
"C2","FB",0.3259
"C2","FB",0.2701
"C2","FB",0.3818
"C2","FB",0.1895
"C2","FB",0.201
"C2","FB",0.2684
"C2","FB",0.2908
"C2","FB",0.096
"C2","FB",0.303
"C2","FB",0.3629
"C2","FB",0.3104
"C2","FB",0.2584
"C2","FB",0.3464
"C2","FB",0.2601
"C2","FB",0.2178
"C2","FB",0.3774
"C2","FB",0.2785
"C2","FB",0.3087
"C2","FB",0.0783
"C2","FB",0.2804
"C2","FB",0.0528
"C2","FB",0.1643
"C2","FB",0.3076
"C2","FB",0.3333
"C2","FB",0.3504
"C2","FB",0.3015
"C2","FB",0.3099
"C2","FB",0.2346
"C2","FB",0.2428
"C2","FB",0.2795
"C2","FB",0.0765
"C2","FB",0.2482
"C2","FB",0.3153
"C2","FB",0.2237
"C2","FB",0.147
"C2","FB",0.2211
"C2","FB",0.2845
"C2","FB",0.2659
"C2","FB",0.2325
"C2","FB",0.4036
"C2","FB",0.2341
"C2","FB",0.146
"C2","FB",0.3588
"C2","FB",0.3164
"C2","FB",0.2491
"C2","FB",0.3498
"C2","FB",0.4182
"C2","FB",0.1226
"C2","FB",0.2357
"C2","FB",0.1809
"C2","FB",0.3419
"C2","FB",0.269
"C2","FB",0.081
"C2","FB",0.3286
"C2","FB",0.3463
"C2","FB",0.3693
"C2","FB",0.1862
"C2","FB",0.2223
"C2","FB",0.2751
"C2","FB",0.3197
"C2","FB",0.3404
"C2","FB",0.3089
"C2","FB",0.2839
"C2","FB",0.2549
"C2","FB",0.1719
"C2","FB",0.364
"C2","FB",0.2054
"C2","FB",0.3686
"C2","FB",0.3186
"C2","FB",0.2712
"C2","FB",0.2386
"C2","FB",0.3284
"C2","FB",0.1423
"C2","FB",0.2651
"C2","FB",0.2236
"C2","FB",0.275
"C2","FB",0.3517
"C2","FB",0.3331
"C2","FB",0.3693
"C2","FB",0.2812
"C2","FB",0.2465
"C2","FB",0.2762
"C2","FB",0.28
"C2","FB",0.3271
"C2","FB",0.391
"C2","FB",0.3544
"C2","FB",0.3198
"C2","FB",0.171
"C2","FB",0.2141
"C2","FB",0.324
"C2","FB",0.3225
"C2","FB",0.2966
"C2","FB",0.188
"C2","FB",0.2094
"C2","FB",0.3411
"C2","FB",0.3245
"C2","FB",0.2062
"C2","FB",0.2092
"C2","FB",0.3677
"C2","FB",0.3369
"C2","FB",0.1709
"C2","FB",0.3299
"C2","FB",0.2238
"C2","FB",0.1232
"C2","FB",0.1774
"C2","FB",0.1739
"C2","FB",0.1049
"C2","FB",0.3053
"C2","FB",0.3198
"C2","FB",0.2183
"C2","FB",0.2621
"C2","FB",0.3505
"C2","FB",0.3295
"C2","FB",0.2736
"C2","FB",0.3276
"C2","FB",0.0995
"C2","FB",0.2958
"C2","FB",0.2649
"C2","FB",0.2302
"C2","FB",0.2805
"C2","FB",0.2617
"C2","FB",0.1807
"C2","FB",0.1609
"C2","FB",0.3493
"C2","FB",0.1466
"C2","FB",0.3001
"C2","FB",0.2761
"C2","FB",0.3394
"C2","FB",0.3455
"C2","FB",0.3209
"C2","FB",0.3613
"C2","FB",0.3952
"C2","FB",0.2637
"C2","FB",0.1644
"C2","FB",0.3594
"C2","FB",0.3555
"C2","FB",0.2183
"C2","FB",0.2527
"C2","FB",0.365
"C2","FB",0.2337
"C2","FB",0.3393
"C2","FB",0.1378
"C2","FB",0.3184
"C2","FB",0.3633
"C2","FB",0.3288
"C2","FB",0.3802
"C2","FB",0.0939
"C2","FB",0.2112
"C2","FB",0.1109
"C2","FB",0.3186
"C2","FB",0.1804
"C2","FB",0.2849
"C2","FB",0.3761
"C2","FB",0.2234
"C2","FB",0.2963
"C2","FB",0.2768
"C2","FB",0.0947
"C2","FB",0.2636
"C2","FB",0.2829
"C2","FB",0.3671
"C2","FB",0.2683
"C3","FB",0.0418
"C2","FB",0.2835
"C2","FB",0.2504
"C2","FB",0.2425
"C2","FB",0.3202
"C2","FB",0.3258
"C2","FB",0.0446
"C2","FB",0.3399
"C2","FB",0.2908
"C2","FB",0.3457
"C2","FB",0.3555
"C2","FB",0.3227
"C2","FB",0.27
"C3","FB",-0.0055
"C2","FB",0.3481
"C2","FB",0.3445
"C2","FB",0.3884
"C2","FB",0.2848
"C2","FB",0.2685
"C2","FB",0.3108
"C2","FB",0.209
"C2","FB",0.2686
"C2","FB",0.2571
"C2","FB",0.2734
"C2","FB",0.285
"C2","FB",0.3461
"C2","FB",0.2737
"C2","FB",0.2791
"C2","FB",0.3369
"C2","FB",0.0693
"C3","FB",0.1886
"C2","FB",0.2578
"C2","FB",0.3027
"C2","FB",0.2146
"C2","FB",0.2839
"C2","FB",0.2084
"C2","FB",0.2534
"C2","FB",0.299
"C2","FB",0.3589
"C2","FB",0.2509
"C2","FB",0.3289
"C3","FB",0.2369
"C2","FB",0.3654
"C2","FB",0.4061
"C2","FB",0.2378
"C2","FB",0.1554
"C2","FB",0.3344
"C2","FB",0.2726
"C2","FB",0.2397
"C2","CB",0.4367
"C2","CB",0.4035
"C2","CB",0.3965
"C2","CB",0.4052
"C2","CB",0.351
"C2","CB",0.3561
"C2","CB",0.4088
"C2","CB",0.3645
"C2","CB",0.3087
"C2","CB",0.4307
"C2","CB",0.278
"C2","CB",0.3979
"C2","CB",0.1316
"C2","CB",0.3665
"C2","CB",0.412
"C2","CB",0.4178
"C2","CB",0.4125
"C2","CB",0.4086
"C2","CB",0.3627
"C2","CB",0.413
"C2","CB",0.3068
"C2","CB",0.3663
"C2","CB",0.3912
"C2","CB",0.3985
"C2","CB",0.4266
"C2","CB",0.4009
"C2","CB",0.3308
"C2","CB",0.4202
"C2","CB",0.415
"C2","CB",0.3628
"C2","CB",0.3177
"C2","CB",0.4075
"C2","CB",0.3555
"C2","CB",0.3695
"C2","CB",0.4186
"C2","CB",0.3615
"C2","CB",0.3641
"C2","CB",0.3784
"C2","CB",0.3544
"C2","CB",0.4039
"C2","CB",0.3692
"C2","CB",0.4065
"C2","CB",0.3646
"C2","CB",0.3994
"C2","CB",0.3969
"C2","CB",0.3819
"C2","CB",0.3619
"C2","CB",0.4252
"C2","CB",0.3386
"C2","CB",0.385
"C2","CB",0.4107
"C2","CB",0.3635
"C2","CB",0.4246
"C2","CB",0.2458
"C2","CB",0.4323
"C2","CB",0.4142
"C2","CB",0.4335
"C2","CB",0.336
"C2","CB",0.3705
"C2","CB",0.4128
"C2","CB",0.3527
"C2","CB",0.3011
"C2","CB",0.3305
"C2","CB",0.3896
"C2","CB",0.3891
"C2","CB",0.3559
"C2","CB",0.3937
"C2","CB",0.3464
"C2","CB",0.3713
"C2","CB",0.4125
"C2","CB",0.368
"C2","CB",0.4343
"C2","CB",0.3062
"C2","CB",0.4011
"C2","CB",0.369
"C2","CB",0.4233
"C2","CB",0.4351
"C2","CB",0.3761
"C2","CB",0.2978
"C2","CB",0.3835
"C2","CB",0.423
"C2","CB",0.422
"C2","CB",0.3661
"C2","CB",0.3641
"C2","CB",0.3534
"C2","CB",0.4215
"C2","CB",0.3735
"C2","CB",0.2808
"C2","CB",0.3137
"C2","CB",0.4226
"C2","CB",0.3897
"C2","CB",0.4189
"C2","CB",0.3116
"C2","CB",0.3398
"C2","CB",0.3096
"C2","CB",0.3271
"C2","CB",0.4007
"C2","CB",0.4203
"C2","CB",0.2355
"C2","CB",0.3784
"C2","CB",0.3099
"C2","CB",0.3142
"C2","CB",0.4406
"C2","CB",0.3843
"C2","CB",0.3218
"C2","CB",0.4266
"C2","CB",0.3002
"C2","CB",0.3856
"C2","CB",0.3771
"C2","CB",0.3882
"C2","CB",0.4306
"C2","CB",0.3725
"C2","CB",0.4132
"C2","CB",0.3765
"C2","CB",0.3736
"C2","CB",0.3524
"C2","CB",0.3841
"C2","CB",0.376
"C2","CB",0.3463
"C2","CB",0.3699
"C2","CB",0.3996
"C2","CB",0.4287
"C2","CB",0.4161
"C2","CB",0.4132
"C2","CB",0.3815
"C2","CB",0.4349
"C2","CB",0.4078
"C2","CB",0.3574
"C2","CB",0.401
"C2","CB",0.4078
"C2","CB",0.3417
"C2","CB",0.4372
"C2","CB",0.4235
"C2","CB",0.2958
"C2","CB",0.3342
"C2","CB",0.3905
"C2","CB",0.3779
"C2","CB",0.3297
"C2","CB",0.3209
"C2","CB",0.4486
"C2","CB",0.4057
"C2","CB",0.1485
"C2","CB",0.225
"C2","CB",0.4077
"C2","CB",0.3734
"C2","CB",0.4209
"C2","CB",0.2215
"C2","CB",0.4204
"C2","CB",0.4147
"C2","CB",0.3294
"C2","CB",0.3613
"C2","CB",0.4231
"C2","CB",0.4232
"C2","CB",0.3828
"C2","CB",0.3253
"C2","CB",0.3362
"C2","CB",0.3117
"C2","CB",0.406
"C2","CB",0.4343
"C2","CB",0.4088
"C2","CB",0.3945
"C2","CB",0.2637
"C2","CB",0.3899
"C2","CB",0.3846
"C2","CB",0.4093
"C2","CB",0.4261
"C2","CB",0.4131
"C2","CB",0.3977
"C2","CB",0.4153
"C2","CB",0.4169
"C2","CB",0.4052
"C2","CB",0.4018
"C2","CB",0.3672
"C2","CB",0.3163
"C2","CB",0.3434
"C2","CB",0.4234
"C2","CB",0.3675
"C2","CB",0.3707
"C2","CB",0.3891
"C2","CB",0.3838
"C2","CB",0.3783
"C2","CB",0.2458
"C2","CB",0.4185
"C2","CB",0.269
"C2","CB",0.3118
"C2","CB",0.3036
"C2","CB",0.4273
"C2","CB",0.4041
"C2","CB",0.42
"C2","CB",0.3632
"C2","CB",0.3456
"C2","CB",0.3758
"C2","CB",0.3996
"C2","CB",0.3803
"C2","CB",0.3833
"C2","CB",0.2925
"C2","CB",0.3547
"C2","CB",0.4144
"C2","CB",0.3328
"C2","CB",0.334
"C2","CB",0.4047
"C2","CB",0.4328
"C2","CB",0.3461
"C2","CB",0.4145
"C2","CB",0.4285
"C2","CB",0.3376
"C2","CB",0.3261
"C2","CB",0.4122
"C2","CB",0.4007
"C2","CB",0.3826
"C2","CB",0.3963
"C2","CB",0.4396
"C2","CB",0.3778
"C2","CB",0.3943
"C2","CB",0.3349
"C2","CB",0.428
"C2","CB",0.4094
"C2","CB",0.2619
"C2","CB",0.358
"C2","CB",0.4057
"C2","CB",0.2582
"C2","CB",0.4356
"C2","CB",0.2862
"C2","CB",0.3936
"C2","CB",0.3161
"C2","CB",0.407
"C2","CB",0.4187
"C2","CB",0.421
"C2","CB",0.2593
"C2","CB",0.3743
"C2","CB",0.343
"C2","CB",0.4302
"C2","CB",0.3164
"C2","CB",0.4036
"C2","CB",0.3489
"C2","CB",0.3761
"C2","CB",0.4127
"C2","CB",0.395
"C2","CB",0.4306
"C2","CB",0.3175
"C3","FW",0.2624
"C3","FW",0.3335
"C3","FW",0.2896
"C3","FW",0.3362
"C3","FW",0.3677
"C3","FW",0.269
"C3","FW",0.3043
"C3","FW",0.3542
"C3","FW",0.1798
"C3","FW",0.2813
"C3","FW",0.2701
"C3","FW",0.373
"C3","FW",0.3846
"C3","FW",0.2906
"C3","FW",0.3
"C3","FW",0.2902
"C3","FW",0.2898
"C3","FW",0.3517
"C3","FW",0.2642
"C3","FW",0.3159
"C3","FW",0.3558
"C3","FW",0.3425
"C3","FW",0.3146
"C3","FW",0.2615
"C3","FW",0.3688
"C3","FW",0.2415
"C3","FW",0.3546
"C3","FW",0.2613
"C3","FW",0.3071
"C3","FW",0.2714
"C3","FW",0.2672
"C3","FW",0.3962
"C3","FW",0.346
"C3","FW",0.244
"C3","FW",0.3724
"C3","FW",0.359
"C3","FW",0.3235
"C3","FW",0.2937
"C3","FW",0.3035
"C3","FW",0.3465
"C3","FW",0.3455
"C3","FW",0.3349
"C3","FW",0.3744
"C3","FW",0.2998
"C3","FW",0.3239
"C3","FW",0.2916
"C3","FW",0.3516
"C3","FW",0.2884
"C3","FW",0.297
"C3","FW",0.3682
"C3","FW",0.3579
"C3","FW",0.2678
"C3","FW",0.3221
"C3","FW",0.379
"C3","FW",0.3857
"C3","FW",0.1936
"C3","FW",0.3712
"C3","FW",0.2741
"C3","FW",0.3336
"C3","FW",0.3668
"C3","FW",0.1964
"C3","FW",0.3539
"C3","FW",0.3899
"C3","FW",0.3037
"C3","FW",0.3323
"C3","FW",0.324
"C3","FW",0.3458
"C3","FW",0.3218
"C3","FW",0.2899
"C3","FW",0.2226
"C3","FW",0.3251
"C3","FW",0.325
"C3","FW",0.299
"C3","FW",0.1914
"C3","FW",0.3926
"C3","FW",0.2581
"C3","FW",0.2504
"C3","FW",0.3713
"C3","FW",0.3617
"C3","FW",0.3382
"C3","FW",0.2623
"C3","FW",0.2357
"C3","FW",0.3498
"C3","FW",0.2984
"C3","FW",0.3068
"C3","FW",0.3026
"C3","FW",0.3269
"C3","FW",0.3125
"C3","FW",0.3778
"C3","FW",0.2636
"C3","FW",0.327
"C3","FW",0.3006
"C3","FW",0.2804
"C3","FW",0.2957
"C3","FW",0.3519
"C3","FW",0.223
"C3","FW",0.3328
"C3","FW",0.3534
"C3","FW",0.2638
"C3","FW",0.3523
"C3","FW",0.3449
"C3","FW",0.4109
"C3","FW",0.2362
"C3","FW",0.3727
"C3","FW",0.2623
"C3","FW",0.3307
"C3","FW",0.3819
"C3","FW",0.306
"C3","FW",0.3081
"C3","FW",0.3627
"C3","FW",0.3466
"C3","FW",0.356
"C3","FW",0.3374
"C3","FW",0.3231
"C3","FW",0.3757
"C3","FW",0.1894
"C3","FW",0.313
"C3","FW",0.3941
"C3","FW",0.2773
"C3","FW",0.3979
"C3","FW",0.3374
"C3","FW",0.3175
"C3","FW",0.3767
"C3","FW",0.3589
"C3","FW",0.3357
"C3","FW",0.4117
"C3","FW",0.3046
"C3","FW",0.3523
"C3","FW",0.3731
"C3","FW",0.2168
"C3","FW",0.2895
"C3","FW",0.2834
"C3","FW",0.3337
"C3","FW",0.313
"C3","FW",0.3689
"C3","FW",0.3068
"C3","FW",0.2632
"C3","FW",0.3542
"C3","FW",0.3007
"C3","FW",0.2474
"C3","FW",0.321
"C3","FW",0.2004
"C3","FW",0.2672
"C3","FW",0.3616
"C3","FW",0.2053
"C3","FW",0.3678
"C3","FW",0.3715
"C3","FW",0.3197
"C3","FW",0.2735
"C3","FW",0.2183
"C3","FW",0.3349
"C3","FW",0.245
"C3","FW",0.3168
"C3","FW",0.3858
"C3","FW",0.3699
"C3","FW",0.3007
"C3","FW",0.3515
"C3","FW",0.2847
"C3","FW",0.383
"C3","FW",0.3588
"C3","FW",0.332
"C3","FW",0.3487
"C3","FW",0.1524
"C3","FW",0.3475
"C3","FW",0.2779
"C3","FW",0.3317
"C3","FW",0.3854
"C3","FW",0.3455
"C3","FW",0.3521
"C3","FW",0.3102
"C3","FW",0.372
"C3","FW",0.2724
"C3","FW",0.398
"C1","GK",0.6125
"C1","GK",0.5623
"C1","GK",0.6458
"C1","GK",0.6448
"C1","GK",0.6232
"C1","GK",0.7435
"C1","GK",0.638
"C1","GK",0.7321
"C1","GK",0.6459
"C1","GK",0.7333
"C1","GK",0.624
"C1","GK",0.7198
"C1","GK",0.7155
"C1","GK",0.6455
"C1","GK",0.6371
"C1","GK",0.7272
"C1","GK",0.6826
"C1","GK",0.7282
"C1","GK",0.6303
"C1","GK",0.6427
"C1","GK",0.6429
"C1","GK",0.7441
"C1","GK",0.7228
"C1","GK",0.6418
"C1","GK",0.5726
"C1","GK",0.5776
"C1","GK",0.5927
"C1","GK",0.7376
"C1","GK",0.6444
"C1","GK",0.6271
"C1","GK",0.717
"C1","GK",0.6656
"C1","GK",0.3992
"C1","GK",0.7331
"C1","GK",0.6143
"C1","GK",0.7245
"C1","GK",0.6902
"C1","GK",0.7333
"C1","GK",0.6178
"C1","GK",0.7385
"C1","GK",0.5976
"C1","GK",0.7051
"C1","GK",0.709
"C1","GK",0.6812
"C1","GK",0.4787
"C1","GK",0.625
"C1","GK",0.7418
"C1","GK",0.5515
"C1","GK",0.6072
"C1","GK",0.622
"C1","GK",0.6378
"C1","GK",0.4795
"C1","GK",0.7032
"C1","GK",0.6461
"C1","GK",0.5341
"C1","GK",0.5958
"C1","GK",0.7258
"C1","GK",0.6778
"C1","GK",0.7439
"C1","GK",0.7283
"C1","GK",0.7197
"C1","GK",0.7507
"C1","GK",0.6121
"C1","GK",0.6945
"C1","GK",0.7506
"C1","GK",0.7534
"C1","GK",0.6975
"C1","GK",0.7344
"C1","GK",0.6933
"C1","GK",0.7467
"C1","GK",0.6147
"C1","GK",0.5029
"C1","GK",0.7176
"C1","GK",0.7108
"C1","GK",0.7269
"C1","GK",0.6263
"C1","GK",0.7253
"C1","GK",0.716
"C1","GK",0.7086
"C1","GK",0.7237
"C1","GK",0.7241
"C1","GK",0.6281
"C1","GK",0.5786
"C1","GK",0.6409
"C1","GK",0.6905
"C1","GK",0.6365
"C1","GK",0.7183
"C1","GK",0.7432
"C1","GK",0.7408
"C1","GK",0.5543
"C1","GK",0.571
"C1","GK",0.7395
"C1","GK",0.5528
"C1","GK",0.7402
"C1","GK",0.7041
"C1","GK",0.7453
"C1","GK",0.5942
"C1","GK",0.6713
"C1","GK",0.6191
"C1","GK",0.7506
"C2","DM_CM",0.3164
"C2","DM_CM",0.0919
"C2","DM_CM",0.3147
"C2","DM_CM",0.2579
"C2","DM_CM",0.3703
"C2","DM_CM",0.3017
"C2","DM_CM",0.3579
"C2","DM_CM",0.2563
"C2","DM_CM",0.3326
"C2","DM_CM",0.3091
"C2","DM_CM",0.1574
"C2","DM_CM",0.0659
"C2","DM_CM",0.1761
"C2","DM_CM",0.1196
"C2","DM_CM",0.0438
"C2","DM_CM",0.2445
"C2","DM_CM",0.1182
"C2","DM_CM",0.155
"C2","DM_CM",0.3553
"C2","DM_CM",0.2438
"C2","DM_CM",0.1521
"C2","DM_CM",0.3224
"C2","DM_CM",0.3355
"C2","DM_CM",0.3165
"C2","DM_CM",0.0678
"C2","DM_CM",0.152
"C2","DM_CM",0.3699
"C2","DM_CM",0.141
"C3","DM_CM",0.0871
"C2","DM_CM",0.0378
"C2","DM_CM",0.3687
"C2","DM_CM",0.0521
"C2","DM_CM",0.3794
"C3","DM_CM",0.0609
"C2","DM_CM",0.0986
"C2","DM_CM",0.0348
"C2","DM_CM",0.2257
"C2","DM_CM",0.3681
"C2","DM_CM",0.0248
"C2","DM_CM",0.3383
"C2","DM_CM",0.1322
"C2","DM_CM",0.3274
"C2","DM_CM",0.4068
"C2","DM_CM",0.3552
"C2","DM_CM",0.2715
"C2","DM_CM",0.2568
"C2","DM_CM",0.3727
"C2","DM_CM",0.2756
"C3","DM_CM",0.1543
"C3","DM_CM",-0.0232
"C2","DM_CM",0.2983
"C2","DM_CM",0.245
"C3","DM_CM",0.0507
"C3","DM_CM",0.1735
"C2","DM_CM",0.2834
"C2","DM_CM",0.2306
"C2","DM_CM",0.3289
"C2","DM_CM",0.2224
"C3","DM_CM",0.2332
"C2","DM_CM",0.1728
"C2","DM_CM",0.3908
"C2","DM_CM",0.0678
"C3","DM_CM",0.071
"C2","DM_CM",0.2347
"C2","DM_CM",0.2911
"C2","DM_CM",0.2521
"C2","DM_CM",0.0401
"C2","DM_CM",0.0618
"C2","DM_CM",0.0854
"C2","DM_CM",0.1436
"C2","DM_CM",0.2748
"C2","DM_CM",0.2011
"C2","DM_CM",0.1481
"C2","DM_CM",0.3144
"C3","AM_W",0.2185
"C3","AM_W",0.2459
"C3","AM_W",0.1234
"C3","AM_W",0.2759
"C3","AM_W",0.3017
"C3","AM_W",0.3684
"C3","AM_W",0.2363
"C3","AM_W",0.35
"C3","AM_W",0.1994
"C3","AM_W",0.1913
"C3","AM_W",0.2086
"C3","AM_W",0.1501
"C3","AM_W",0.2572
"C3","AM_W",0.3465
"C3","AM_W",0.0679
"C2","AM_W",0.0547
"C3","AM_W",0.1454
"C3","AM_W",0.178
"C3","AM_W",0.3167
"C3","AM_W",0.196
"C3","AM_W",0.1854
"C3","AM_W",0.1647
"C3","AM_W",0.2535
"C3","AM_W",0.2704
"C3","AM_W",0.0435
"C3","AM_W",0.2608
"C3","AM_W",0.2947
"C3","AM_W",0.2699
"C3","AM_W",0.3041
"C3","AM_W",0.2948
"C3","AM_W",0.2195
"C3","AM_W",0.2114
"C3","AM_W",0.2706
"C3","AM_W",0.2925
"C3","AM_W",0.0809
"C3","AM_W",0.292
"C3","AM_W",0.1841
"C3","AM_W",0.2534
"C3","AM_W",0.1151
"C3","AM_W",0.1589
"C3","AM_W",0.1961
"C3","AM_W",0.2245
"C3","AM_W",0.2137
"C3","AM_W",0.2788
"C3","AM_W",0.359
"C3","AM_W",0.2171
"C3","AM_W",0.2169
"C3","AM_W",0.245
"C3","AM_W",0.1771
"C3","AM_W",0.15
"C3","AM_W",0.0838
"C3","AM_W",0.3011
"C3","AM_W",0.2853
"C3","AM_W",0.0555
"C3","AM_W",0.2461
"C3","AM_W",0.2849
"C3","AM_W",0.1758
"C3","AM_W",0.3289
"C3","AM_W",0.1176
"C3","AM_W",0.298
"C3","AM_W",0.2095
"C3","AM_W",0.1303
"C3","AM_W",0.2896
"C3","AM_W",0.2661
"C3","AM_W",0.3438
"C3","AM_W",0.1567
"C3","AM_W",0.1348
"C3","AM_W",0.2928
"C3","AM_W",0.2067
"C3","AM_W",-0.0023
"C3","AM_W",0.1972
"C3","AM_W",0.3431
"C2","FB",0.2474
"C2","FB",0.2851
"C2","FB",0.2912
"C2","FB",0.069
"C2","FB",0.3098
"C2","FB",0.2809
"C2","FB",0.2831
"C2","FB",0.367
"C2","FB",0.3908
"C2","FB",0.1683
"C2","FB",0.2412
"C2","FB",0.2145
"C2","FB",0.3389
"C2","FB",0.2835
"C2","FB",0.1693
"C2","FB",0.2712
"C2","FB",0.2625
"C2","FB",0.0873
"C2","FB",0.2284
"C2","FB",0.4207
"C2","FB",0.3393
"C2","FB",0.3326
"C2","FB",0.3328
"C2","FB",0.258
"C2","FB",0.3827
"C2","FB",0.3057
"C2","FB",0.2014
"C2","FB",0.1964
"C2","FB",0.3103
"C2","FB",0.2567
"C2","FB",0.1945
"C2","FB",0.2956
"C2","FB",0.2944
"C2","FB",0.2895
"C2","FB",0.1876
"C2","FB",0.1815
"C2","FB",0.2603
"C2","FB",0.2952
"C2","FB",0.308
"C2","FB",0.2436
"C2","FB",0.2848
"C2","FB",0.1229
"C2","FB",0.344
"C2","FB",0.2429
"C2","FB",0.3534
"C2","FB",0.3767
"C2","FB",0.351
"C2","FB",0.3
"C2","FB",0.3068
"C2","FB",0.3406
"C2","FB",0.1579
"C2","FB",0.2304
"C2","FB",0.2608
"C3","FB",0.1518
"C2","FB",0.2717
"C2","FB",0.2621
"C2","FB",0.1787
"C2","FB",0.2306
"C2","FB",0.3499
"C2","FB",0.3835
"C2","FB",0.2651
"C2","FB",0.3156
"C2","FB",0.2136
"C2","FB",0.2162
"C2","FB",0.1685
"C2","FB",0.1692
"C2","FB",0.383
"C2","CB",0.3364
"C2","CB",0.3704
"C2","CB",0.3982
"C2","CB",0.3907
"C2","CB",0.4361
"C2","CB",0.429
"C2","CB",0.3886
"C2","CB",0.429
"C2","CB",0.4096
"C2","CB",0.4092
"C2","CB",0.4204
"C2","CB",0.3642
"C2","CB",0.3707
"C2","CB",0.4236
"C2","CB",0.4152
"C2","CB",0.4158
"C2","CB",0.4513
"C2","CB",0.3961
"C2","CB",0.3565
"C2","CB",0.3641
"C2","CB",0.3817
"C2","CB",0.3662
"C2","CB",0.4134
"C2","CB",0.3726
"C2","CB",0.3561
"C2","CB",0.3154
"C2","CB",0.397
"C2","CB",0.3963
"C2","CB",0.422
"C2","CB",0.4111
"C2","CB",0.3669
"C2","CB",0.3477
"C2","CB",0.3059
"C2","CB",0.3404
"C2","CB",0.2853
"C2","CB",0.3293
"C2","CB",0.2782
"C2","CB",0.3457
"C2","CB",0.298
"C2","CB",0.4063
"C2","CB",0.4045
"C2","CB",0.3746
"C2","CB",0.3668
"C2","CB",0.3244
"C2","CB",0.4122
"C2","CB",0.3611
"C2","CB",0.3434
"C2","CB",0.3876
"C2","CB",0.2678
"C2","CB",0.4258
"C2","CB",0.2611
"C2","CB",0.3847
"C2","CB",0.4031
"C2","CB",0.3173
"C2","CB",0.3796
"C2","CB",0.4008
"C2","CB",0.3441
"C2","CB",0.4382
"C2","CB",0.409
"C2","CB",0.3108
"C3","FW",0.3898
"C3","FW",0.2943
"C3","FW",0.3272
"C3","FW",0.2917
"C3","FW",0.1803
"C3","FW",0.3264
"C3","FW",0.3102
"C3","FW",0.2917
"C3","FW",0.3536
"C3","FW",0.3161
"C3","FW",0.3133
"C3","FW",0.2971
"C3","FW",0.3837
"C3","FW",0.3415
"C3","FW",0.2881
"C3","FW",0.254
"C3","FW",0.3873
"C3","FW",0.3752
"C3","FW",0.3098
"C3","FW",0.3442
"C3","FW",0.3056
"C3","FW",0.3132
"C3","FW",0.2915
"C3","FW",0.3039
"C3","FW",0.3367
"C3","FW",0.3383
"C3","FW",0.221
"C3","FW",0.3317
"C3","FW",0.3116
"C3","FW",0.3297
"C3","FW",0.3133
"C3","FW",0.3616
"C3","FW",0.3396
"C3","FW",0.2889
"C3","FW",0.2867
"C3","FW",0.3064
"C3","FW",0.3458
"C3","FW",0.2813
"C3","FW",0.2821
"C3","FW",0.2023
"C3","FW",0.3848
"C3","FW",0.3317
"C3","FW",0.3108
"C3","FW",0.2666
"C1","GK",0.7099
"C1","GK",0.5467
"C1","GK",0.7477
"C1","GK",0.7321
"C1","GK",0.7139
"C1","GK",0.7178
"C1","GK",0.7248
"C1","GK",0.6392
"C1","GK",0.6494
"C1","GK",0.7277
"C1","GK",0.6841
"C1","GK",0.6344
"C1","GK",0.7393
"C1","GK",0.7307
"C1","GK",0.7298
"C1","GK",0.6425
"C1","GK",0.7506
"C1","GK",0.753
"C1","GK",0.5773
"C1","GK",0.7316
"C1","GK",0.7305
"C1","GK",0.6447
"C1","GK",0.7136
"C1","GK",0.7414
"C1","GK",0.7302
